Protocollo;Gruppo;DataOraIncidente;Localizzazione1;STRADA1;Localizzazione2;STRADA2;Strada02;Chilometrica;DaSpecificare;NaturaIncidente;particolaritastrade;TipoStrada;FondoStradale;Pavimentazione;Segnaletica;CondizioneAtmosferica;Traffico;Visibilita;Illuminazione;NUM_FERITI;NUM_RISERVATA;NUM_MORTI;NUM_ILLESI;Longitudine;Latitudine;Confermato;Progressivo;TipoVeicolo;StatoVeicolo;TipoPersona;Sesso;Tipolesione;Deceduto;DecedutoDopo;CinturaCascoUtilizzato;Airbag
1928968;19;04/12/2012 01:35;Strada Urbana;GALLERIA GIOVANNI XXIII;da specificare;;;;altezza entrata Via Mario Fani;Veicolo in marcia contro ostacolo fisso;Curva senza visuale libera;Una carreggiata a senso unico di marcia;Asciutto;Asfaltata;Assente;Sereno;Scarso;Buona;Sufficiente;0;0;0;1;;;-1;1;Autovettura privata;In marcia / fermata / arresto;Conducente;M;Illeso;0;;Non accertato;Inesistente
1928969;12;03/12/2012 12:10;Strada Urbana;VIA INDONESIA;all'intersezione con;VIALE DELL'OCEANO PACIFICO;VIALE DELL'OCEANO PACIFICO;;;Scontro laterale fra veicoli in marcia;Incrocio;Una carreggiata a senso unico di marcia;Asciutto;Asfaltata;Verticale ed orizzontale;Sereno;Normale;Buona;Ore Diurne;0;0;0;3;;;-1;1;Autovettura privata;In marcia / fermata / arresto;Conducente;M;Illeso;0;;Utilizzato;Inesploso
1928969;12;03/12/2012 12:10;Strada Urbana;VIA INDONESIA;all'intersezione con;VIALE DELL'OCEANO PACIFICO;VIALE DELL'OCEANO PACIFICO;;;Scontro laterale fra veicoli in marcia;Incrocio;Una carreggiata a senso unico di marcia;Asciutto;Asfaltata;Verticale ed orizzontale;Sereno;Normale;Buona;Ore Diurne;0;0;0;3;;;-1;1;Autovettura privata;In marcia / fermata / arresto;Passeggero;M;Illeso;0;;Utilizzato;Inesploso
1928969;12;03/12/2012 12:10;Strada Urbana;VIA INDONESIA;all'intersezione con;VIALE DELL'OCEANO PACIFICO;VIALE DELL'OCEANO PACIFICO;;;Scontro laterale fra veicoli in marcia;Incrocio;Una carreggiata a senso unico di marcia;Asciutto;Asfaltata;Verticale ed orizzontale;Sereno;Normale;Buona;Ore Diurne;0;0;0;3;;;-1;2;Autovettura privata;In marcia / fermata / arresto;Conducente;M;Illeso;0;;Utilizzato;Inesistente
1928970;20;03/12/2012 18:00;Strada Urbana;VIA DELLA FARNESINA;in corrispondenza;;del civico n. ;257;;Scontro laterale fra veicoli in marcia;Rettilineo;Una carreggiata a doppio senso;Asciutto;Asfaltata;Orizzontale;Sereno;Normale;Buona;Sufficiente;0;0;0;2;;;-1;1;Autovettura privata;In marcia / fermata / arresto;Conducente;F;Illeso;0;;Non accertato;Inesploso
1928970;20;03/12/2012 18:00;Strada Urbana;VIA DELLA FARNESINA;in corrispondenza;;del civico n. ;257;;Scontro laterale fra veicoli in marcia;Rettilineo;Una carreggiata a doppio senso;Asciutto;Asfaltata;Orizzontale;Sereno;Normale;Buona;Sufficiente;0;0;0;2;;;-1;2;Autovettura privata;In marcia / fermata / arresto;Conducente;M;Illeso;0;;Non accertato;Inesistente
1928971;7;04/12/2012 00:40;Strada Urbana;VIA DI TOR PIGNATTARA;all'intersezione con;VIA DEGLI ANGELI;VIA DEGLI ANGELI;;;Scontro frontale/laterale DX fra veicoli in marcia;Incrocio;Una carreggiata a doppio senso;Asciutto;Asfaltata;Verticale ed orizzontale;Sereno;Scarso;Sufficiente;Sufficiente;2;0;0;1;;;-1;1;Autovettura pubblica;In marcia / fermata / arresto;Conducente;M;Illeso;0;;Non accertato;Esploso
1928971;7;04/12/2012 00:40;Strada Urbana;VIA DI TOR PIGNATTARA;all'intersezione con;VIA DEGLI ANGELI;VIA DEGLI ANGELI;;;Scontro frontale/laterale DX fra veicoli in marcia;Incrocio;Una carreggiata a doppio senso;Asciutto;Asfaltata;Verticale ed orizzontale;Sereno;Scarso;Sufficiente;Sufficiente;2;0;0;1;;;-1;2;Autovettura privata;In marcia / fermata / arresto;Conducente;M;Rimandato;0;NON DECEDUTO;Non accertato;Esploso
1928971;7;04/12/2012 00:40;Strada Urbana;VIA DI TOR PIGNATTARA;all'intersezione con;VIA DEGLI ANGELI;VIA DEGLI ANGELI;;;Scontro frontale/laterale DX fra veicoli in marcia;Incrocio;Una carreggiata a doppio senso;Asciutto;Asfaltata;Verticale ed orizzontale;Sereno;Scarso;Sufficiente;Sufficiente;2;0;0;1;;;-1;2;Autovettura privata;In marcia / fermata / arresto;Passeggero;;Rimandato;0;NON DECEDUTO;Non accertato;Inesistente
1928973;17;03/12/2012 23:15;Strada Urbana;CIRCONVALLAZIONE TRIONFALE;all'intersezione semaforizzata con;VIA BERNARDINO TELESIO;VIA BERNARDINO TELESIO;;;Scontro frontale fra veicoli in marcia;Intersezione semaforizzata;Due carreggiate;Asciutto;Asfaltata;Verticale ed orizzontale;Sereno;Normale;Buona;Sufficiente;0;0;0;2;;;-1;1;Autovettura privata;In marcia / fermata / arresto;Conducente;M;Illeso;0;;Non accertato;Inesploso
1928973;17;03/12/2012 23:15;Strada Urbana;CIRCONVALLAZIONE TRIONFALE;all'intersezione semaforizzata con;VIA BERNARDINO TELESIO;VIA BERNARDINO TELESIO;;;Scontro frontale fra veicoli in marcia;Intersezione semaforizzata;Due carreggiate;Asciutto;Asfaltata;Verticale ed orizzontale;Sereno;Normale;Buona;Sufficiente;0;0;0;2;;;-1;2;Autovettura privata;In marcia / fermata / arresto;Conducente;M;Illeso;0;;Non accertato;Inesploso
1928974;20;03/12/2012 21:30;Strada Urbana;LUNGOTEVERE SALVO D'ACQUISTO;all'intersezione con;VIA PERU';VIA PERU';;;Scontro frontale/laterale SX fra veicoli in marcia;Intersezione stradale segnalata;Una carreggiata a doppio senso;Asciutto;Asfaltata;Orizzontale;Sereno;Scarso;Sufficiente;Sufficiente;2;0;0;0;;;-1;1;Autovettura privata;In marcia / fermata / arresto;Conducente;M;Rimandato;0;NON DECEDUTO;Non accertato;Inesistente
1928974;20;03/12/2012 21:30;Strada Urbana;LUNGOTEVERE SALVO D'ACQUISTO;all'intersezione con;VIA PERU';VIA PERU';;;Scontro frontale/laterale SX fra veicoli in marcia;Intersezione stradale segnalata;Una carreggiata a doppio senso;Asciutto;Asfaltata;Orizzontale;Sereno;Scarso;Sufficiente;Sufficiente;2;0;0;0;;;-1;2;Autovettura privata;In marcia / fermata / arresto;Conducente;M;Ricoverato;0;NON DECEDUTO;Non accertato;Esploso
1928976;17;03/12/2012 14:15;Strada Urbana;PIAZZA DEL SANT'UFFIZIO;in corrispondenza;;del civico n. ;4;;Investimento di pedone;Rettilineo;Una carreggiata a senso unico di marcia;Asciutto;In cubetti di porfido;Verticale ed orizzontale;Sereno;Scarso;Buona;Ore Diurne;1;0;0;1;;;-1;;;;Pedone;M;Rimandato;0;NON DECEDUTO;;
1928976;17;03/12/2012 14:15;Strada Urbana;PIAZZA DEL SANT'UFFIZIO;in corrispondenza;;del civico n. ;4;;Investimento di pedone;Rettilineo;Una carreggiata a senso unico di marcia;Asciutto;In cubetti di porfido;Verticale ed orizzontale;Sereno;Scarso;Buona;Ore Diurne;1;0;0;1;;;-1;1;Autovettura privata;In marcia / fermata / arresto;Conducente;M;Illeso;0;;Non accertato;Inesploso
1928977;17;03/12/2012 19:50;Strada Urbana;PIAZZALE CLODIO;all'intersezione semaforizzata con;VIALE GIOVANNI FALCONE E PAOLO BORSELLIN;VIALE GIOVANNI FALCONE E PAOLO BORSELLIN;;;Scontro laterale fra veicoli in marcia;Incrocio;Due carreggiate;Asciutto;Asfaltata;Verticale ed orizzontale;Sereno;Normale;Buona;Sufficiente;0;0;0;5;;;-1;1;Autovettura privata;In marcia / fermata / arresto;Conducente;F;Illeso;0;;Non accertato;Inesistente
1928977;17;03/12/2012 19:50;Strada Urbana;PIAZZALE CLODIO;all'intersezione semaforizzata con;VIALE GIOVANNI FALCONE E PAOLO BORSELLIN;VIALE GIOVANNI FALCONE E PAOLO BORSELLIN;;;Scontro laterale fra veicoli in marcia;Incrocio;Due carreggiate;Asciutto;Asfaltata;Verticale ed orizzontale;Sereno;Normale;Buona;Sufficiente;0;0;0;5;;;-1;1;Autovettura privata;In marcia / fermata / arresto;Passeggero;M;Illeso;0;;Non accertato;Inesistente
1928977;17;03/12/2012 19:50;Strada Urbana;PIAZZALE CLODIO;all'intersezione semaforizzata con;VIALE GIOVANNI FALCONE E PAOLO BORSELLIN;VIALE GIOVANNI FALCONE E PAOLO BORSELLIN;;;Scontro laterale fra veicoli in marcia;Incrocio;Due carreggiate;Asciutto;Asfaltata;Verticale ed orizzontale;Sereno;Normale;Buona;Sufficiente;0;0;0;5;;;-1;1;Autovettura privata;In marcia / fermata / arresto;Passeggero;F;Illeso;0;;Non accertato;Inesistente
1928977;17;03/12/2012 19:50;Strada Urbana;PIAZZALE CLODIO;all'intersezione semaforizzata con;VIALE GIOVANNI FALCONE E PAOLO BORSELLIN;VIALE GIOVANNI FALCONE E PAOLO BORSELLIN;;;Scontro laterale fra veicoli in marcia;Incrocio;Due carreggiate;Asciutto;Asfaltata;Verticale ed orizzontale;Sereno;Normale;Buona;Sufficiente;0;0;0;5;;;-1;1;Autovettura privata;In marcia / fermata / arresto;Passeggero;F;Illeso;0;;Non accertato;Inesistente
1928977;17;03/12/2012 19:50;Strada Urbana;PIAZZALE CLODIO;all'intersezione semaforizzata con;VIALE GIOVANNI FALCONE E PAOLO BORSELLIN;VIALE GIOVANNI FALCONE E PAOLO BORSELLIN;;;Scontro laterale fra veicoli in marcia;Incrocio;Due carreggiate;Asciutto;Asfaltata;Verticale ed orizzontale;Sereno;Normale;Buona;Sufficiente;0;0;0;5;;;-1;2;Autovettura privata;In marcia / fermata / arresto;Conducente;F;Illeso;0;;Non accertato;Inesistente
1928978;17;03/12/2012 11:40;Strada Urbana;VIA CASSIODORO;all'intersezione con;VIA ORAZIO;VIA ORAZIO;;;Scontro frontale/laterale SX fra veicoli in marcia;Incrocio;Una carreggiata a senso unico di marcia;Asciutto;Asfaltata;Verticale ed orizzontale;Sereno;Scarso;Buona;Ore Diurne;0;0;0;2;;;-1;1;Autovettura privata;In marcia / fermata / arresto;Conducente;F;Illeso;0;;Non accertato;
1928978;17;03/12/2012 11:40;Strada Urbana;VIA CASSIODORO;all'intersezione con;VIA ORAZIO;VIA ORAZIO;;;Scontro frontale/laterale SX fra veicoli in marcia;Incrocio;Una carreggiata a senso unico di marcia;Asciutto;Asfaltata;Verticale ed orizzontale;Sereno;Scarso;Buona;Ore Diurne;0;0;0;2;;;-1;2;Motociclo a solo;In marcia / fermata / arresto;Conducente;M;Illeso;0;;Non accertato;Inesistente
1928979;12;03/12/2012 10:20;Provinciale;VIA ARDEATINA;da specificare;;;;dir. S.Palomba 400mt.dopo Porta Medaglia;Veicolo in marcia contro ostacolo accidentale;Rettilineo;Una carreggiata a doppio senso;Asciutto;Asfaltata;Verticale ed orizzontale;Sereno;Normale;Buona;Ore Diurne;0;0;0;1;;;-1;1;Autovettura privata;In marcia / fermata / arresto;Conducente;M;Illeso;0;;Non accertato;Inesistente
1928980;17;03/12/2012 08:15;Strada Urbana;VIA ANGELO EMO;in prossimità;;del civico n. ;101;;Veicolo in marcia contro veicolo in sosta;Rettilineo;Una carreggiata a doppio senso;Asciutto;Asfaltata;Verticale ed orizzontale;Sereno;Normale;Buona;Ore Diurne;0;0;0;2;;;-1;2;Motociclo con passeggero;In marcia / fermata / arresto;Conducente;M;Illeso;0;;Non accertato;Inesistente
1928980;17;03/12/2012 08:15;Strada Urbana;VIA ANGELO EMO;in prossimità;;del civico n. ;101;;Veicolo in marcia contro veicolo in sosta;Rettilineo;Una carreggiata a doppio senso;Asciutto;Asfaltata;Verticale ed orizzontale;Sereno;Normale;Buona;Ore Diurne;0;0;0;2;;;-1;2;Motociclo con passeggero;In marcia / fermata / arresto;Passeggero;M;Illeso;0;;Non accertato;Inesistente
1928981;20;03/12/2012 13:10;Strada Urbana;VIA DEGLI ORTI DELLA FARNESINA;in prossimità;;del civico n. ;209;;Scontro laterale fra veicoli in marcia;Rettilineo;Una carreggiata a senso unico di marcia;Asciutto;Asfaltata;Verticale ed orizzontale;Sereno;Scarso;Buona;Ore Diurne;0;0;0;2;;;-1;1;Autocarro inferiore 35 q.;In marcia / fermata / arresto;Conducente;M;Illeso;0;;Non accertato;Inesistente
1928981;20;03/12/2012 13:10;Strada Urbana;VIA DEGLI ORTI DELLA FARNESINA;in prossimità;;del civico n. ;209;;Scontro laterale fra veicoli in marcia;Rettilineo;Una carreggiata a senso unico di marcia;Asciutto;Asfaltata;Verticale ed orizzontale;Sereno;Scarso;Buona;Ore Diurne;0;0;0;2;;;-1;2;Autovettura privata;In marcia / fermata / arresto;Conducente;M;Illeso;0;;Non accertato;Inesistente
1928983;12;03/12/2012 08:40;Provinciale;VIA ARDEATINA;in corrispondenza;;del civico n. ;1655;;Veicolo in marcia contro ostacolo accidentale;Pendenza;Una carreggiata a doppio senso;Asciutto;Asfaltata;Orizzontale;Sereno;Normale;Buona;Ore Diurne;0;0;0;1;;;-1;1;Autovettura privata;In marcia / fermata / arresto;Conducente;F;Illeso;0;;Non accertato;Inesistente
1928984;12;03/12/2012 16:00;Provinciale;VIA OSTIENSE;da specificare;;;;rampa uscita GRA - DIREZIONE OSTIA;Scontro laterale fra veicoli in marcia;Rettilineo;Una carreggiata a senso unico di marcia;Asciutto;Asfaltata;Verticale;Sereno;Intenso;Buona;Ore Diurne;0;0;0;3;;;-1;1;Autovettura pubblica;In marcia / fermata / arresto;Conducente;M;Illeso;0;;Utilizzato;Inesploso
1928984;12;03/12/2012 16:00;Provinciale;VIA OSTIENSE;da specificare;;;;rampa uscita GRA - DIREZIONE OSTIA;Scontro laterale fra veicoli in marcia;Rettilineo;Una carreggiata a senso unico di marcia;Asciutto;Asfaltata;Verticale;Sereno;Intenso;Buona;Ore Diurne;0;0;0;3;;;-1;2;Autovettura privata;In marcia / fermata / arresto;Conducente;M;Illeso;0;;Utilizzato;Inesploso
1928984;12;03/12/2012 16:00;Provinciale;VIA OSTIENSE;da specificare;;;;rampa uscita GRA - DIREZIONE OSTIA;Scontro laterale fra veicoli in marcia;Rettilineo;Una carreggiata a senso unico di marcia;Asciutto;Asfaltata;Verticale;Sereno;Intenso;Buona;Ore Diurne;0;0;0;3;;;-1;2;Autovettura privata;In marcia / fermata / arresto;Passeggero;M;Illeso;0;;Utilizzato;Inesploso
1928985;1;02/12/2012 10:40;Strada Urbana;VIA DANDOLO;all'intersezione con;VIA NICOLA FABRIZI;VIA NICOLA FABRIZI;;;Scontro frontale/laterale DX fra veicoli in marcia;Intersezione stradale segnalata;Una carreggiata a doppio senso;Bagnato (pioggia);Asfaltata;Verticale ed orizzontale;Nuvoloso;Normale;Buona;Ore Diurne;2;0;0;0;;;-1;1;Autovettura privata;In marcia / fermata / arresto;Conducente;M;Rifiuta cure immediate;0;NON DECEDUTO;Utilizzato;Esploso
1928985;1;02/12/2012 10:40;Strada Urbana;VIA DANDOLO;all'intersezione con;VIA NICOLA FABRIZI;VIA NICOLA FABRIZI;;;Scontro frontale/laterale DX fra veicoli in marcia;Intersezione stradale segnalata;Una carreggiata a doppio senso;Bagnato (pioggia);Asfaltata;Verticale ed orizzontale;Nuvoloso;Normale;Buona;Ore Diurne;2;0;0;0;;;-1;2;Autovettura privata;In marcia / fermata / arresto;Conducente;M;Rifiuta cure immediate;0;NON DECEDUTO;Utilizzato;Inesploso
1928986;17;03/12/2012 09:45;Strada Urbana;PIAZZA WALTER ROSSI;in corrispondenza;;del civico n. ;3;;Scontro frontale/laterale SX fra veicoli in marcia;Rettilineo;Una carreggiata a senso unico di marcia;Bagnato (umidità in atto);Asfaltata;Verticale ed orizzontale;Sereno;Scarso;Buona;Ore Diurne;1;0;0;1;;;-1;1;Autovettura privata;In marcia / fermata / arresto;Conducente;F;Illeso;0;;Non accertato;Inesistente
1928986;17;03/12/2012 09:45;Strada Urbana;PIAZZA WALTER ROSSI;in corrispondenza;;del civico n. ;3;;Scontro frontale/laterale SX fra veicoli in marcia;Rettilineo;Una carreggiata a senso unico di marcia;Bagnato (umidità in atto);Asfaltata;Verticale ed orizzontale;Sereno;Scarso;Buona;Ore Diurne;1;0;0;1;;;-1;2;Ciclomotore;In marcia / fermata / arresto;Conducente;M;Rimandato;0;NON DECEDUTO;Non accertato;Inesistente
1928989;17;03/12/2012 07:45;Strada Urbana;VIA CANDIA;da specificare;;;;PROSSIMITA'  VIA LEONE IV;Scontro laterale fra veicoli in marcia;Rettilineo;Una carreggiata a senso unico di marcia;Asciutto;Asfaltata;Verticale ed orizzontale;Sereno;Normale;Buona;Ore Diurne;1;0;0;1;;;-1;1;Autovettura privata;In marcia / fermata / arresto;Conducente;F;Illeso;0;;Non accertato;Inesistente
1928989;17;03/12/2012 07:45;Strada Urbana;VIA CANDIA;da specificare;;;;PROSSIMITA'  VIA LEONE IV;Scontro laterale fra veicoli in marcia;Rettilineo;Una carreggiata a senso unico di marcia;Asciutto;Asfaltata;Verticale ed orizzontale;Sereno;Normale;Buona;Ore Diurne;1;0;0;1;;;-1;2;Motociclo a solo;In marcia / fermata / arresto;Conducente;M;Rifiuta cure immediate;0;NON DECEDUTO;Non accertato;Inesistente
1928990;1;01/12/2012 04:20;Strada Urbana;LUNGOTEVERE MARZIO;in prossimità;;del civico n. ;14;;Veicolo in marcia contro veicolo in sosta;Rettilineo;Una carreggiata a senso unico di marcia;Bagnato (pioggia);Asfaltata;Verticale ed orizzontale;Pioggia in atto;Scarso;Buona;Sufficiente;2;0;0;0;;;-1;1;Autovettura privata;In marcia / fermata / arresto;Passeggero;F;Rifiuta cure immediate;0;NON DECEDUTO;Non accertato;Esploso
1928990;1;01/12/2012 04:20;Strada Urbana;LUNGOTEVERE MARZIO;in prossimità;;del civico n. ;14;;Veicolo in marcia contro veicolo in sosta;Rettilineo;Una carreggiata a senso unico di marcia;Bagnato (pioggia);Asfaltata;Verticale ed orizzontale;Pioggia in atto;Scarso;Buona;Sufficiente;2;0;0;0;;;-1;1;Autovettura privata;In marcia / fermata / arresto;Conducente;M;Rifiuta cure immediate;0;NON DECEDUTO;Non accertato;Esploso
1928991;2;03/12/2012 17:45;Strada Urbana;VIALE DELLE BELLE ARTI;in prossimità;;del civico n. ;10;;Investimento di pedone;Rettilineo;Una carreggiata a doppio senso;Asciutto;Asfaltata;Verticale ed orizzontale;Sereno;Normale;Buona;Sufficiente;1;0;0;1;;;-1;;;;Pedone;M;Rimandato;0;NON DECEDUTO;;
1928991;2;03/12/2012 17:45;Strada Urbana;VIALE DELLE BELLE ARTI;in prossimità;;del civico n. ;10;;Investimento di pedone;Rettilineo;Una carreggiata a doppio senso;Asciutto;Asfaltata;Verticale ed orizzontale;Sereno;Normale;Buona;Sufficiente;1;0;0;1;;;-1;1;Ciclomotore;In marcia / fermata / arresto;Conducente;F;Illeso;0;;Non accertato;Inesistente
1928992;17;03/12/2012 19:35;Strada Urbana;PIAZZA DEI PRATI DEGLI STROZZI;in prossimità;;del civico n. ;35;;Veicolo in marcia contro veicolo arresto;Rettilineo;Una carreggiata a senso unico di marcia;Asciutto;Asfaltata;Verticale ed orizzontale;Sereno;Scarso;Buona;Sufficiente;0;0;0;1;;;-1;1;Autovettura privata;In marcia / fermata / arresto;Conducente;M;Illeso;0;;Non accertato;Inesistente
1928993;20;03/12/2012 18:00;Strada Urbana;VIA BRACCIANENSE;in corrispondenza;;del civico n. ;31/F;;Ribaltamento senza urto contro ostacolo fisso;Curva a visuale libera;Una carreggiata a doppio senso;Asciutto;Asfaltata;Verticale ed orizzontale;Sereno;Normale;Buona;Sufficiente;0;0;0;1;;;-1;1;Autovettura privata;In marcia / fermata / arresto;Conducente;M;Illeso;0;;Non accertato;Inesistente
1928994;1;03/12/2012 07:45;Strada Urbana;GALLERIA PRINCIPE AMEDEO SAVOIA AOSTA;da specificare;;;;DIREZ. PIAZZA DELLA ROVERE;Tamponamento;Rettilineo;Una carreggiata a doppio senso;Asciutto;Asfaltata;Verticale ed orizzontale;Sereno;Normale;Buona;Ore Diurne;1;0;0;1;;;-1;1;Autovettura privata;In marcia / fermata / arresto;Conducente;F;Rimandato;0;NON DECEDUTO;Non accertato;Esploso
1928994;1;03/12/2012 07:45;Strada Urbana;GALLERIA PRINCIPE AMEDEO SAVOIA AOSTA;da specificare;;;;DIREZ. PIAZZA DELLA ROVERE;Tamponamento;Rettilineo;Una carreggiata a doppio senso;Asciutto;Asfaltata;Verticale ed orizzontale;Sereno;Normale;Buona;Ore Diurne;1;0;0;1;;;-1;2;Autovettura privata;In marcia / fermata / arresto;Conducente;M;Illeso;0;;Non accertato;Inesploso
1928995;1;03/12/2012 07:30;Strada Urbana;LUNGOTEVERE IN AUGUSTA;da specificare;;;;ALTEZZA ARA PACIS;Scontro laterale fra veicoli in marcia;Rettilineo;Una carreggiata a senso unico di marcia;Asciutto;Asfaltata;Verticale ed orizzontale;Sereno;Normale;Buona;Ore Diurne;0;0;0;2;;;-1;1;Autovettura privata;In marcia / fermata / arresto;Conducente;M;Illeso;0;;Utilizzato;Inesploso
1928995;1;03/12/2012 07:30;Strada Urbana;LUNGOTEVERE IN AUGUSTA;da specificare;;;;ALTEZZA ARA PACIS;Scontro laterale fra veicoli in marcia;Rettilineo;Una carreggiata a senso unico di marcia;Asciutto;Asfaltata;Verticale ed orizzontale;Sereno;Normale;Buona;Ore Diurne;0;0;0;2;;;-1;2;Autocarro inferiore 35 q.;In marcia / fermata / arresto;Conducente;M;Illeso;0;;Utilizzato;Inesploso
1928996;7;04/12/2012 09:00;Strada Urbana;VIA DELLA RUSTICA;all'intersezione con;VIA FEDERICO TURANO;VIA FEDERICO TURANO;;;Scontro frontale/laterale SX fra veicoli in marcia;Incrocio;Una carreggiata a doppio senso;Asciutto;Asfaltata;Verticale ed orizzontale;Nuvoloso;Normale;Buona;Ore Diurne;1;0;0;2;;;-1;1;Autovettura privata;In marcia / fermata / arresto;Conducente;M;Illeso;0;;Non accertato;Inesploso
1928996;7;04/12/2012 09:00;Strada Urbana;VIA DELLA RUSTICA;all'intersezione con;VIA FEDERICO TURANO;VIA FEDERICO TURANO;;;Scontro frontale/laterale SX fra veicoli in marcia;Incrocio;Una carreggiata a doppio senso;Asciutto;Asfaltata;Verticale ed orizzontale;Nuvoloso;Normale;Buona;Ore Diurne;1;0;0;2;;;-1;2;Autovettura privata;In marcia / fermata / arresto;Conducente;F;Rimandato;0;NON DECEDUTO;Non accertato;Inesistente
1928996;7;04/12/2012 09:00;Strada Urbana;VIA DELLA RUSTICA;all'intersezione con;VIA FEDERICO TURANO;VIA FEDERICO TURANO;;;Scontro frontale/laterale SX fra veicoli in marcia;Incrocio;Una carreggiata a doppio senso;Asciutto;Asfaltata;Verticale ed orizzontale;Nuvoloso;Normale;Buona;Ore Diurne;1;0;0;2;;;-1;3;Autovettura privata;In marcia / fermata / arresto;Conducente;F;Illeso;0;;Non accertato;Esploso
1928998;1;03/12/2012 09:10;Strada Urbana;VIALE DELLE TERME DI CARACALLA;da specificare;;;;CORSIA CENTRALE DIREZ. L.GO TERME DI CARACALLA ;Tamponamento;Rettilineo;Più di due carreggiate;Asciutto;Asfaltata;Verticale ed orizzontale;Sereno;Normale;Buona;Ore Diurne;1;0;0;2;;;-1;1;Autovettura privata;In marcia / fermata / arresto;Conducente;M;Illeso;0;;Utilizzato;Inesploso
1928998;1;03/12/2012 09:10;Strada Urbana;VIALE DELLE TERME DI CARACALLA;da specificare;;;;CORSIA CENTRALE DIREZ. L.GO TERME DI CARACALLA ;Tamponamento;Rettilineo;Più di due carreggiate;Asciutto;Asfaltata;Verticale ed orizzontale;Sereno;Normale;Buona;Ore Diurne;1;0;0;2;;;-1;2;Autovettura privata;In marcia / fermata / arresto;Conducente;M;Rifiuta cure immediate;0;NON DECEDUTO;Utilizzato;Inesploso
1928998;1;03/12/2012 09:10;Strada Urbana;VIALE DELLE TERME DI CARACALLA;da specificare;;;;CORSIA CENTRALE DIREZ. L.GO TERME DI CARACALLA ;Tamponamento;Rettilineo;Più di due carreggiate;Asciutto;Asfaltata;Verticale ed orizzontale;Sereno;Normale;Buona;Ore Diurne;1;0;0;2;;;-1;3;Autovettura privata;In marcia / fermata / arresto;Conducente;F;Illeso;0;;Utilizzato;Inesistente
1928999;23;02/12/2012 11:35;Strada Urbana;PIAZZALE OSTIENSE;all'intersezione semaforizzata con;VIA RAFFAELE PERSICHETTI;VIA RAFFAELE PERSICHETTI;;;Scontro laterale fra veicoli in marcia;Incrocio;Una carreggiata a senso unico di marcia;Bagnato (pioggia);Asfaltata;Verticale ed orizzontale;Nuvoloso;Normale;Buona;Ore Diurne;1;0;0;3;;;-1;1;Motociclo a solo;In marcia / fermata / arresto;Conducente;M;Rimandato;0;NON DECEDUTO;Non accertato;Inesistente
1928999;23;02/12/2012 11:35;Strada Urbana;PIAZZALE OSTIENSE;all'intersezione semaforizzata con;VIA RAFFAELE PERSICHETTI;VIA RAFFAELE PERSICHETTI;;;Scontro laterale fra veicoli in marcia;Incrocio;Una carreggiata a senso unico di marcia;Bagnato (pioggia);Asfaltata;Verticale ed orizzontale;Nuvoloso;Normale;Buona;Ore Diurne;1;0;0;3;;;-1;2;Autovettura privata;In marcia / fermata / arresto;Conducente;M;Illeso;0;;Non accertato;Inesploso
1928999;23;02/12/2012 11:35;Strada Urbana;PIAZZALE OSTIENSE;all'intersezione semaforizzata con;VIA RAFFAELE PERSICHETTI;VIA RAFFAELE PERSICHETTI;;;Scontro laterale fra veicoli in marcia;Incrocio;Una carreggiata a senso unico di marcia;Bagnato (pioggia);Asfaltata;Verticale ed orizzontale;Nuvoloso;Normale;Buona;Ore Diurne;1;0;0;3;;;-1;2;Autovettura privata;In marcia / fermata / arresto;Passeggero;M;Illeso;0;;Non accertato;Inesploso
1928999;23;02/12/2012 11:35;Strada Urbana;PIAZZALE OSTIENSE;all'intersezione semaforizzata con;VIA RAFFAELE PERSICHETTI;VIA RAFFAELE PERSICHETTI;;;Scontro laterale fra veicoli in marcia;Incrocio;Una carreggiata a senso unico di marcia;Bagnato (pioggia);Asfaltata;Verticale ed orizzontale;Nuvoloso;Normale;Buona;Ore Diurne;1;0;0;3;;;-1;2;Autovettura privata;In marcia / fermata / arresto;Passeggero;F;Illeso;0;;Non accertato;Inesploso
1929000;23;03/12/2012 17:40;Strada Urbana;VIA CRISTOFORO COLOMBO;all'intersezione semaforizzata con;VIA DI ACILIA;VIA DI ACILIA;;;Scontro laterale fra veicoli in marcia;Intersezione semaforizzata;Più di due carreggiate;Asciutto;Asfaltata;Verticale ed orizzontale;Sereno;Normale;Sufficiente;Sufficiente;0;0;0;2;;;-1;1;Autovettura privata;In marcia / fermata / arresto;Conducente;M;Illeso;0;;Non accertato;Inesploso
1929000;23;03/12/2012 17:40;Strada Urbana;VIA CRISTOFORO COLOMBO;all'intersezione semaforizzata con;VIA DI ACILIA;VIA DI ACILIA;;;Scontro laterale fra veicoli in marcia;Intersezione semaforizzata;Più di due carreggiate;Asciutto;Asfaltata;Verticale ed orizzontale;Sereno;Normale;Sufficiente;Sufficiente;0;0;0;2;;;-1;2;Autovettura privata;In marcia / fermata / arresto;Conducente;M;Illeso;0;;Non accertato;Inesploso
1929001;1;02/12/2012 11:45;Strada Urbana;VIA DEI CERCHI;in corrispondenza;;del civico n. ;6;;Tamponamento;Rettilineo;Una carreggiata a senso unico di marcia;Bagnato (pioggia);In cubetti di porfido;Verticale ed orizzontale;Pioggia in atto;Normale;Buona;Ore Diurne;1;0;0;0;;;-1;1;Autovettura privata;In marcia / fermata / arresto;Conducente;M;Rifiuta cure immediate;0;NON DECEDUTO;Non accertato;Inesistente