Protocollo;Gruppo;DataOraIncidente;Localizzazione1;STRADA1;Localizzazione2;STRADA2;Strada02;Chilometrica;DaSpecificare;NaturaIncidente;particolaritastrade;TipoStrada;FondoStradale;Pavimentazione;Segnaletica;CondizioneAtmosferica;Traffico;Visibilita;Illuminazione;NUM_FERITI;NUM_RISERVATA;NUM_MORTI;NUM_ILLESI;Longitudine;Latitudine;Confermato;Progressivo;TipoVeicolo;StatoVeicolo;TipoPersona;Sesso;Tipolesione;Deceduto;DecedutoDopo;CinturaCascoUtilizzato;Airbag
1931316;4;18/12/2012 18:10;Strada Urbana;PIAZZA MENENIO AGRIPPA;in corrispondenza;;del civico n. ;14;;Investimento di pedone;Rettilineo;Una carreggiata a senso unico di marcia;Asciutto;Asfaltata;Orizzontale;Sereno;Intenso;Insufficiente;Insufficiente;1;0;0;1;;;-1;;;;Pedone;F;Rimandato;0;NON DECEDUTO;;
1931316;4;18/12/2012 18:10;Strada Urbana;PIAZZA MENENIO AGRIPPA;in corrispondenza;;del civico n. ;14;;Investimento di pedone;Rettilineo;Una carreggiata a senso unico di marcia;Asciutto;Asfaltata;Orizzontale;Sereno;Intenso;Insufficiente;Insufficiente;1;0;0;1;;;-1;1;Autovettura privata;In marcia / fermata / arresto;Conducente;M;Illeso;0;;Non accertato;Inesistente
1931317;19;27/12/2012 19:00;Strada Urbana;VIA DI SELVA CANDIDA;da specificare;;;;in prossimità fronte civico 197;Veicolo in marcia contro ostacolo accidentale;Rettilineo;Una carreggiata a doppio senso;Asciutto;Asfaltata;Orizzontale;Sereno;Scarso;Sufficiente;Sufficiente;0;0;0;2;;;-1;1;Autovettura privata;In marcia / fermata / arresto;Conducente;M;Illeso;0;;Non accertato;Inesistente
1931317;19;27/12/2012 19:00;Strada Urbana;VIA DI SELVA CANDIDA;da specificare;;;;in prossimità fronte civico 197;Veicolo in marcia contro ostacolo accidentale;Rettilineo;Una carreggiata a doppio senso;Asciutto;Asfaltata;Orizzontale;Sereno;Scarso;Sufficiente;Sufficiente;0;0;0;2;;;-1;1;Autovettura privata;In marcia / fermata / arresto;Passeggero;F;Illeso;0;;Non accertato;Inesistente
1931318;13;27/12/2012 10:15;Strada Urbana;VIA DI MACCHIA SAPONARA;all'intersezione con;VIA ARISTONICO D'ALESSANDRIA;VIA ARISTONICO D'ALESSANDRIA;;;Investimento di pedone;Incrocio;Una carreggiata a doppio senso;Bagnato (pioggia);Asfaltata;Verticale ed orizzontale;Sereno;Normale;Buona;Ore Diurne;1;0;0;1;;;-1;;;;Pedone;M;Rimandato;0;NON DECEDUTO;;
1931318;13;27/12/2012 10:15;Strada Urbana;VIA DI MACCHIA SAPONARA;all'intersezione con;VIA ARISTONICO D'ALESSANDRIA;VIA ARISTONICO D'ALESSANDRIA;;;Investimento di pedone;Incrocio;Una carreggiata a doppio senso;Bagnato (pioggia);Asfaltata;Verticale ed orizzontale;Sereno;Normale;Buona;Ore Diurne;1;0;0;1;;;-1;1;Autovettura privata;In marcia / fermata / arresto;Conducente;F;Illeso;0;;Non accertato;Inesploso
1931319;7;27/12/2012 11:15;Strada Urbana;VIA PIETRO FUMAROLI;in corrispondenza;;del civico n. ;20;;Veicolo in marcia contro ostacolo accidentale;Rettilineo;Una carreggiata a senso unico di marcia;Asciutto;Con buche;Assente;Sereno;Scarso;Buona;Ore Diurne;0;0;0;1;;;-1;1;Autovettura privata;In marcia / fermata / arresto;Conducente;M;Illeso;0;;Non accertato;Inesistente
1931320;13;27/12/2012 11:15;Strada Urbana;VIA DI MACCHIA SAPONARA;in corrispondenza;;del civico n. ;285;;Scontro laterale fra veicoli in marcia;Rettilineo;Una carreggiata a doppio senso;Bagnato (umidità in atto);Asfaltata;Assente;Sereno;Normale;Buona;Ore Diurne;1;0;0;2;;;-1;1;Autovettura privata;In marcia / fermata / arresto;Conducente;F;Illeso;0;;Non accertato;Inesploso
1931320;13;27/12/2012 11:15;Strada Urbana;VIA DI MACCHIA SAPONARA;in corrispondenza;;del civico n. ;285;;Scontro laterale fra veicoli in marcia;Rettilineo;Una carreggiata a doppio senso;Bagnato (umidità in atto);Asfaltata;Assente;Sereno;Normale;Buona;Ore Diurne;1;0;0;2;;;-1;1;Autovettura privata;In marcia / fermata / arresto;Passeggero;F;Illeso;0;;Non utilizzato;Inesploso
1931320;13;27/12/2012 11:15;Strada Urbana;VIA DI MACCHIA SAPONARA;in corrispondenza;;del civico n. ;285;;Scontro laterale fra veicoli in marcia;Rettilineo;Una carreggiata a doppio senso;Bagnato (umidità in atto);Asfaltata;Assente;Sereno;Normale;Buona;Ore Diurne;1;0;0;2;;;-1;2;Motociclo con passeggero;In marcia / fermata / arresto;Conducente;M;Rimandato;0;NON DECEDUTO;Non accertato;Inesploso
1931321;18;27/12/2012 15:10;Strada Urbana;CIRCONVALLAZIONE CORNELIA;in prossimità;;del civico n. ;130;;Investimento di pedone;Rettilineo;Due carreggiate;Asciutto;Asfaltata;Verticale ed orizzontale;Nuvoloso;Normale;Buona;Ore Diurne;0;1;0;2;;;-1;;;;Pedone;F;Prognosi riservata;0;NON DECEDUTO;;
1931321;18;27/12/2012 15:10;Strada Urbana;CIRCONVALLAZIONE CORNELIA;in prossimità;;del civico n. ;130;;Investimento di pedone;Rettilineo;Due carreggiate;Asciutto;Asfaltata;Verticale ed orizzontale;Nuvoloso;Normale;Buona;Ore Diurne;0;1;0;2;;;-1;1;Autovettura privata;In marcia / fermata / arresto;Conducente;M;Illeso;0;;Non accertato;Inesploso
1931321;18;27/12/2012 15:10;Strada Urbana;CIRCONVALLAZIONE CORNELIA;in prossimità;;del civico n. ;130;;Investimento di pedone;Rettilineo;Due carreggiate;Asciutto;Asfaltata;Verticale ed orizzontale;Nuvoloso;Normale;Buona;Ore Diurne;0;1;0;2;;;-1;1;Autovettura privata;In marcia / fermata / arresto;Passeggero;M;Illeso;0;;Non accertato;Inesploso
1931322;7;28/12/2012 00:30;Strada Urbana;PIAZZA DELLE IRIS;all'intersezione con;VIA DEI CICLAMINI;VIA DEI CICLAMINI;;;Scontro frontale/laterale DX fra veicoli in marcia;Incrocio;Una carreggiata a senso unico di marcia;Asciutto;Asfaltata;Verticale ed orizzontale;Sereno;Scarso;Sufficiente;Ore Diurne;0;0;0;3;;;-1;1;Autovettura privata;In marcia / fermata / arresto;Passeggero;F;Illeso;0;;Non accertato;Inesploso
1931322;7;28/12/2012 00:30;Strada Urbana;PIAZZA DELLE IRIS;all'intersezione con;VIA DEI CICLAMINI;VIA DEI CICLAMINI;;;Scontro frontale/laterale DX fra veicoli in marcia;Incrocio;Una carreggiata a senso unico di marcia;Asciutto;Asfaltata;Verticale ed orizzontale;Sereno;Scarso;Sufficiente;Ore Diurne;0;0;0;3;;;-1;1;Autovettura privata;In marcia / fermata / arresto;Conducente;F;Illeso;0;;Non accertato;Inesploso
1931322;7;28/12/2012 00:30;Strada Urbana;PIAZZA DELLE IRIS;all'intersezione con;VIA DEI CICLAMINI;VIA DEI CICLAMINI;;;Scontro frontale/laterale DX fra veicoli in marcia;Incrocio;Una carreggiata a senso unico di marcia;Asciutto;Asfaltata;Verticale ed orizzontale;Sereno;Scarso;Sufficiente;Ore Diurne;0;0;0;3;;;-1;2;Autovettura privata;In marcia / fermata / arresto;Conducente;M;Illeso;0;;Non accertato;Inesploso
1931323;7;27/12/2012 15:50;Strada Urbana;VIALE PALMIRO TOGLIATTI;all'intersezione con;VIA DEI PLATANI;VIA DEI PLATANI;;;Scontro laterale fra veicoli in marcia;Intersezione semaforizzata;Due carreggiate;Asciutto;Asfaltata;Verticale ed orizzontale;Nuvoloso;Normale;Buona;Ore Diurne;0;0;0;4;;;-1;1;Autovettura privata;In marcia / fermata / arresto;Conducente;M;Illeso;0;;Non accertato;Inesistente
1931323;7;27/12/2012 15:50;Strada Urbana;VIALE PALMIRO TOGLIATTI;all'intersezione con;VIA DEI PLATANI;VIA DEI PLATANI;;;Scontro laterale fra veicoli in marcia;Intersezione semaforizzata;Due carreggiate;Asciutto;Asfaltata;Verticale ed orizzontale;Nuvoloso;Normale;Buona;Ore Diurne;0;0;0;4;;;-1;1;Autovettura privata;In marcia / fermata / arresto;Passeggero;M;Illeso;0;;Non accertato;Inesistente
1931323;7;27/12/2012 15:50;Strada Urbana;VIALE PALMIRO TOGLIATTI;all'intersezione con;VIA DEI PLATANI;VIA DEI PLATANI;;;Scontro laterale fra veicoli in marcia;Intersezione semaforizzata;Due carreggiate;Asciutto;Asfaltata;Verticale ed orizzontale;Nuvoloso;Normale;Buona;Ore Diurne;0;0;0;4;;;-1;2;Motociclo a solo;In marcia / fermata / arresto;Conducente;M;Illeso;0;;Non accertato;Inesistente
1931323;7;27/12/2012 15:50;Strada Urbana;VIALE PALMIRO TOGLIATTI;all'intersezione con;VIA DEI PLATANI;VIA DEI PLATANI;;;Scontro laterale fra veicoli in marcia;Intersezione semaforizzata;Due carreggiate;Asciutto;Asfaltata;Verticale ed orizzontale;Nuvoloso;Normale;Buona;Ore Diurne;0;0;0;4;;;-1;3;Autovettura privata;In marcia / fermata / arresto;Conducente;F;Illeso;0;;Non accertato;Inesistente
1931324;17;27/12/2012 00:20;Strada Urbana;VIA DI BOCCEA;in prossimità;;del civico n. ;506;;Tamponamento;Rettilineo;Due carreggiate;Bagnato (pioggia);Asfaltata;Verticale ed orizzontale;Pioggia in atto;Scarso;Sufficiente;Sufficiente;4;0;0;2;;;-1;1;Autobus urbano;In marcia / fermata / arresto;Conducente;M;Illeso;0;;Non accertato;Inesistente
1931324;17;27/12/2012 00:20;Strada Urbana;VIA DI BOCCEA;in prossimità;;del civico n. ;506;;Tamponamento;Rettilineo;Due carreggiate;Bagnato (pioggia);Asfaltata;Verticale ed orizzontale;Pioggia in atto;Scarso;Sufficiente;Sufficiente;4;0;0;2;;;-1;1;Autobus urbano;In marcia / fermata / arresto;Passeggero;F;Illeso;0;;Non accertato;Inesistente
1931324;17;27/12/2012 00:20;Strada Urbana;VIA DI BOCCEA;in prossimità;;del civico n. ;506;;Tamponamento;Rettilineo;Due carreggiate;Bagnato (pioggia);Asfaltata;Verticale ed orizzontale;Pioggia in atto;Scarso;Sufficiente;Sufficiente;4;0;0;2;;;-1;2;Autovettura privata;In marcia / fermata / arresto;Conducente;F;Rimandato;0;NON DECEDUTO;Non accertato;Inesistente
1931324;17;27/12/2012 00:20;Strada Urbana;VIA DI BOCCEA;in prossimità;;del civico n. ;506;;Tamponamento;Rettilineo;Due carreggiate;Bagnato (pioggia);Asfaltata;Verticale ed orizzontale;Pioggia in atto;Scarso;Sufficiente;Sufficiente;4;0;0;2;;;-1;2;Autovettura privata;In marcia / fermata / arresto;Passeggero;F;Rimandato;0;NON DECEDUTO;Non accertato;Inesistente
1931324;17;27/12/2012 00:20;Strada Urbana;VIA DI BOCCEA;in prossimità;;del civico n. ;506;;Tamponamento;Rettilineo;Due carreggiate;Bagnato (pioggia);Asfaltata;Verticale ed orizzontale;Pioggia in atto;Scarso;Sufficiente;Sufficiente;4;0;0;2;;;-1;2;Autovettura privata;In marcia / fermata / arresto;Passeggero;F;Rimandato;0;NON DECEDUTO;Non accertato;Inesistente
1931325;13;27/12/2012 08:30;Strada Urbana;LUNGOMARE PAOLO TOSCANELLI;all'intersezione con;PIAZZA DEI RAVENNATI;PIAZZA DEI RAVENNATI;;;Scontro frontale/laterale SX fra veicoli in marcia;Incrocio;Due carreggiate;Bagnato (pioggia);Asfaltata;Verticale ed orizzontale;Sereno;Normale;Buona;Ore Diurne;1;0;0;1;;;-1;1;Autovettura privata;In marcia / fermata / arresto;Conducente;F;Rimandato;0;NON DECEDUTO;Non accertato;Inesploso
1931325;13;27/12/2012 08:30;Strada Urbana;LUNGOMARE PAOLO TOSCANELLI;all'intersezione con;PIAZZA DEI RAVENNATI;PIAZZA DEI RAVENNATI;;;Scontro frontale/laterale SX fra veicoli in marcia;Incrocio;Due carreggiate;Bagnato (pioggia);Asfaltata;Verticale ed orizzontale;Sereno;Normale;Buona;Ore Diurne;1;0;0;1;;;-1;2;Autovettura privata;In marcia / fermata / arresto;Conducente;M;Illeso;0;;Non accertato;Esploso
1931326;7;27/12/2012 14:20;Provinciale entro l'abitato;VIA PRENESTINA;all'intersezione con;VIA DI TOR TRE TESTE;VIA DI TOR TRE TESTE;;;Scontro frontale/laterale SX fra veicoli in marcia;Intersezione stradale segnalata;Una carreggiata a doppio senso;Asciutto;Asfaltata;Verticale ed orizzontale;Sereno;Normale;Buona;Ore Diurne;1;0;0;1;;;-1;1;Autovettura privata;In marcia / fermata / arresto;Conducente;M;Illeso;0;;Non accertato;Inesistente
1931326;7;27/12/2012 14:20;Provinciale entro l'abitato;VIA PRENESTINA;all'intersezione con;VIA DI TOR TRE TESTE;VIA DI TOR TRE TESTE;;;Scontro frontale/laterale SX fra veicoli in marcia;Intersezione stradale segnalata;Una carreggiata a doppio senso;Asciutto;Asfaltata;Verticale ed orizzontale;Sereno;Normale;Buona;Ore Diurne;1;0;0;1;;;-1;2;Motociclo a solo;In marcia / fermata / arresto;Conducente;M;Rimandato;0;NON DECEDUTO;Non accertato;Inesistente
1931327;20;27/12/2012 20:00;Comunale extraurbana;VIA DI VALLE MURICANA;all'intersezione con;VIA ROGENO;VIA ROGENO;;;Scontro frontale/laterale SX fra veicoli in marcia;Intersezione non regolata/non segnalata;Una carreggiata a doppio senso;Asciutto;Asfaltata;Verticale ed orizzontale;Nuvoloso;Normale;Buona;Sufficiente;1;0;0;3;;;-1;1;Autovettura privata;In marcia / fermata / arresto;Conducente;M;Illeso;0;;Non accertato;Inesistente
1931327;20;27/12/2012 20:00;Comunale extraurbana;VIA DI VALLE MURICANA;all'intersezione con;VIA ROGENO;VIA ROGENO;;;Scontro frontale/laterale SX fra veicoli in marcia;Intersezione non regolata/non segnalata;Una carreggiata a doppio senso;Asciutto;Asfaltata;Verticale ed orizzontale;Nuvoloso;Normale;Buona;Sufficiente;1;0;0;3;;;-1;1;Autovettura privata;In marcia / fermata / arresto;Passeggero;M;Illeso;0;;Non accertato;Inesistente
1931327;20;27/12/2012 20:00;Comunale extraurbana;VIA DI VALLE MURICANA;all'intersezione con;VIA ROGENO;VIA ROGENO;;;Scontro frontale/laterale SX fra veicoli in marcia;Intersezione non regolata/non segnalata;Una carreggiata a doppio senso;Asciutto;Asfaltata;Verticale ed orizzontale;Nuvoloso;Normale;Buona;Sufficiente;1;0;0;3;;;-1;1;Autovettura privata;In marcia / fermata / arresto;Passeggero;F;Illeso;0;;Non accertato;Inesistente
1931327;20;27/12/2012 20:00;Comunale extraurbana;VIA DI VALLE MURICANA;all'intersezione con;VIA ROGENO;VIA ROGENO;;;Scontro frontale/laterale SX fra veicoli in marcia;Intersezione non regolata/non segnalata;Una carreggiata a doppio senso;Asciutto;Asfaltata;Verticale ed orizzontale;Nuvoloso;Normale;Buona;Sufficiente;1;0;0;3;;;-1;2;Autovettura privata;In marcia / fermata / arresto;Conducente;F;Rimandato;0;NON DECEDUTO;Non accertato;Inesistente
1931328;4;18/12/2012 15:30;Strada Urbana;PIAZZA GIULIETTA MASINA;all'intersezione con;VIA ELSA DE' GIORGI;VIA ELSA DE' GIORGI;;;Scontro laterale fra veicoli in marcia;Rotatoria;Una carreggiata a senso unico di marcia;Asciutto;Asfaltata;Verticale ed orizzontale;Sereno;Normale;Buona;Ore Diurne;0;0;0;3;;;-1;1;Autovettura privata;In marcia / fermata / arresto;Conducente;M;Illeso;0;;Non accertato;Inesistente
1931328;4;18/12/2012 15:30;Strada Urbana;PIAZZA GIULIETTA MASINA;all'intersezione con;VIA ELSA DE' GIORGI;VIA ELSA DE' GIORGI;;;Scontro laterale fra veicoli in marcia;Rotatoria;Una carreggiata a senso unico di marcia;Asciutto;Asfaltata;Verticale ed orizzontale;Sereno;Normale;Buona;Ore Diurne;0;0;0;3;;;-1;2;Autovettura privata;In marcia / fermata / arresto;Conducente;M;Illeso;0;;Non accertato;Inesistente
1931328;4;18/12/2012 15:30;Strada Urbana;PIAZZA GIULIETTA MASINA;all'intersezione con;VIA ELSA DE' GIORGI;VIA ELSA DE' GIORGI;;;Scontro laterale fra veicoli in marcia;Rotatoria;Una carreggiata a senso unico di marcia;Asciutto;Asfaltata;Verticale ed orizzontale;Sereno;Normale;Buona;Ore Diurne;0;0;0;3;;;-1;2;Autovettura privata;In marcia / fermata / arresto;Passeggero;M;Illeso;0;;Non accertato;Inesistente
1931329;20;27/12/2012 22:10;Provinciale;VIA BRACCIANENSE;in prossimità;;della chilometrica ;7,5;;Veicolo in marcia contro ostacolo fisso;Curva senza visuale libera;Una carreggiata a doppio senso;Bagnato (umidità in atto);Asfaltata;Verticale ed orizzontale;Nuvoloso;Normale;Insufficiente;Inesistente;0;0;0;1;;;-1;1;Autovettura privata;In marcia / fermata / arresto;Conducente;M;Illeso;0;;Non accertato;Inesistente
1931330;20;27/12/2012 10:00;Strada Urbana;VIA DI GROTTAROSSA;all'intersezione con;VIA VEIENTANA;VIA VEIENTANA;;;Scontro frontale/laterale SX fra veicoli in marcia;Incrocio;Una carreggiata a doppio senso;Bagnato (pioggia);Asfaltata;Orizzontale;Nuvoloso;Normale;Buona;Ore Diurne;1;0;0;1;;;-1;1;Autovettura privata;In marcia / fermata / arresto;Conducente;M;Illeso;0;;Non accertato;Inesistente
1931330;20;27/12/2012 10:00;Strada Urbana;VIA DI GROTTAROSSA;all'intersezione con;VIA VEIENTANA;VIA VEIENTANA;;;Scontro frontale/laterale SX fra veicoli in marcia;Incrocio;Una carreggiata a doppio senso;Bagnato (pioggia);Asfaltata;Orizzontale;Nuvoloso;Normale;Buona;Ore Diurne;1;0;0;1;;;-1;2;Autovettura privata;In marcia / fermata / arresto;Conducente;M;Rifiuta cure immediate;0;NON DECEDUTO;Non accertato;Inesistente
1931331;3;27/12/2012 17:00;Strada Urbana;VIA TIBURTINA;in corrispondenza;;del civico n. ;273;;Scontro laterale fra veicoli in marcia;Rettilineo;Più di due carreggiate;Asciutto;Asfaltata;Verticale ed orizzontale;Sereno;Scarso;Buona;Ore Diurne;0;0;0;2;;;-1;1;Autovettura privata;In marcia / fermata / arresto;Conducente;M;Illeso;0;;Utilizzato;Inesploso
1931331;3;27/12/2012 17:00;Strada Urbana;VIA TIBURTINA;in corrispondenza;;del civico n. ;273;;Scontro laterale fra veicoli in marcia;Rettilineo;Più di due carreggiate;Asciutto;Asfaltata;Verticale ed orizzontale;Sereno;Scarso;Buona;Ore Diurne;0;0;0;2;;;-1;2;Autovettura privata;In marcia / fermata / arresto;Conducente;M;Illeso;0;;Utilizzato;Inesistente
1931332;17;27/12/2012 18:50;Strada Urbana;VIA CRESCENZIO;all'intersezione con;VIA VARRONE;VIA VARRONE;;;Investimento di pedone;Incrocio;Una carreggiata a doppio senso;Asciutto;Asfaltata;Verticale ed orizzontale;Sereno;Normale;Buona;Sufficiente;1;0;0;1;;;-1;;;;Pedone;M;Rimandato;0;NON DECEDUTO;;
1931332;17;27/12/2012 18:50;Strada Urbana;VIA CRESCENZIO;all'intersezione con;VIA VARRONE;VIA VARRONE;;;Investimento di pedone;Incrocio;Una carreggiata a doppio senso;Asciutto;Asfaltata;Verticale ed orizzontale;Sereno;Normale;Buona;Sufficiente;1;0;0;1;;;-1;1;Motociclo a solo;In marcia / fermata / arresto;Conducente;M;Illeso;0;;Non accertato;Inesistente
1931333;4;19/12/2012 10:30;Statale entro l'abitato;VIA SALARIA;in prossimità;;del civico n. ;971;;Tamponamento Multiplo;Rettilineo;Due carreggiate;Asciutto;Asfaltata;Orizzontale;Sereno;Intenso;Buona;Ore Diurne;1;0;0;3;;;-1;1;Autovettura privata;In marcia / fermata / arresto;Conducente;M;Illeso;0;;Utilizzato;Inesploso
1931333;4;19/12/2012 10:30;Statale entro l'abitato;VIA SALARIA;in prossimità;;del civico n. ;971;;Tamponamento Multiplo;Rettilineo;Due carreggiate;Asciutto;Asfaltata;Orizzontale;Sereno;Intenso;Buona;Ore Diurne;1;0;0;3;;;-1;1;Autovettura privata;In marcia / fermata / arresto;Passeggero;M;Illeso;0;;Non accertato;Inesistente
1931333;4;19/12/2012 10:30;Statale entro l'abitato;VIA SALARIA;in prossimità;;del civico n. ;971;;Tamponamento Multiplo;Rettilineo;Due carreggiate;Asciutto;Asfaltata;Orizzontale;Sereno;Intenso;Buona;Ore Diurne;1;0;0;3;;;-1;2;Autocarro inferiore 35 q.;In marcia / fermata / arresto;Conducente;M;Rimandato;0;NON DECEDUTO;Non accertato;Inesploso
1931333;4;19/12/2012 10:30;Statale entro l'abitato;VIA SALARIA;in prossimità;;del civico n. ;971;;Tamponamento Multiplo;Rettilineo;Due carreggiate;Asciutto;Asfaltata;Orizzontale;Sereno;Intenso;Buona;Ore Diurne;1;0;0;3;;;-1;3;Autovettura privata;In marcia / fermata / arresto;Conducente;F;Illeso;0;;Non accertato;Inesploso
1931334;7;27/12/2012 16:20;Statale entro l'abitato;VIA CASILINA;da specificare;;;;altezza palo luce civico 900;Scontro laterale fra veicoli in marcia;Rettilineo;Due carreggiate;Asciutto;Asfaltata;Verticale ed orizzontale;Nuvoloso;Normale;Buona;Ore Diurne;1;0;0;6;;;-1;1;Autovettura privata;In marcia / fermata / arresto;Conducente;F;Illeso;0;;Non accertato;Inesistente
1931334;7;27/12/2012 16:20;Statale entro l'abitato;VIA CASILINA;da specificare;;;;altezza palo luce civico 900;Scontro laterale fra veicoli in marcia;Rettilineo;Due carreggiate;Asciutto;Asfaltata;Verticale ed orizzontale;Nuvoloso;Normale;Buona;Ore Diurne;1;0;0;6;;;-1;2;Autovettura privata;In marcia / fermata / arresto;Conducente;M;Illeso;0;;Non accertato;Inesistente
1931334;7;27/12/2012 16:20;Statale entro l'abitato;VIA CASILINA;da specificare;;;;altezza palo luce civico 900;Scontro laterale fra veicoli in marcia;Rettilineo;Due carreggiate;Asciutto;Asfaltata;Verticale ed orizzontale;Nuvoloso;Normale;Buona;Ore Diurne;1;0;0;6;;;-1;2;Autovettura privata;In marcia / fermata / arresto;Passeggero;F;Rimandato;0;NON DECEDUTO;Non accertato;Inesploso
1931334;7;27/12/2012 16:20;Statale entro l'abitato;VIA CASILINA;da specificare;;;;altezza palo luce civico 900;Scontro laterale fra veicoli in marcia;Rettilineo;Due carreggiate;Asciutto;Asfaltata;Verticale ed orizzontale;Nuvoloso;Normale;Buona;Ore Diurne;1;0;0;6;;;-1;2;Autovettura privata;In marcia / fermata / arresto;Passeggero;M;Illeso;0;;Non accertato;Inesistente
1931334;7;27/12/2012 16:20;Statale entro l'abitato;VIA CASILINA;da specificare;;;;altezza palo luce civico 900;Scontro laterale fra veicoli in marcia;Rettilineo;Due carreggiate;Asciutto;Asfaltata;Verticale ed orizzontale;Nuvoloso;Normale;Buona;Ore Diurne;1;0;0;6;;;-1;3;Autovettura privata;In marcia / fermata / arresto;Conducente;M;Illeso;0;;Non accertato;Inesistente
1931334;7;27/12/2012 16:20;Statale entro l'abitato;VIA CASILINA;da specificare;;;;altezza palo luce civico 900;Scontro laterale fra veicoli in marcia;Rettilineo;Due carreggiate;Asciutto;Asfaltata;Verticale ed orizzontale;Nuvoloso;Normale;Buona;Ore Diurne;1;0;0;6;;;-1;3;Autovettura privata;In marcia / fermata / arresto;Passeggero;M;Illeso;0;;Non accertato;Inesistente
1931334;7;27/12/2012 16:20;Statale entro l'abitato;VIA CASILINA;da specificare;;;;altezza palo luce civico 900;Scontro laterale fra veicoli in marcia;Rettilineo;Due carreggiate;Asciutto;Asfaltata;Verticale ed orizzontale;Nuvoloso;Normale;Buona;Ore Diurne;1;0;0;6;;;-1;4;Autovettura privata;In marcia / fermata / arresto;Conducente;M;Illeso;0;;Non accertato;Inesistente
1931335;20;27/12/2012 19:50;Strada Urbana;VIADOTTO GIUBILEO DEL 2000;da specificare;;;;direzione Roma 400 mt da GRA;Veicolo in marcia contro ostacolo fisso;Curva a visuale libera;Due carreggiate;Bagnato (umidità in atto);Asfaltata;Verticale ed orizzontale;Sereno;Normale;Buona;Sufficiente;0;0;0;2;;;-1;1;Autovettura privata;In marcia / fermata / arresto;Conducente;F;Illeso;0;;Non accertato;Inesistente
1931335;20;27/12/2012 19:50;Strada Urbana;VIADOTTO GIUBILEO DEL 2000;da specificare;;;;direzione Roma 400 mt da GRA;Veicolo in marcia contro ostacolo fisso;Curva a visuale libera;Due carreggiate;Bagnato (umidità in atto);Asfaltata;Verticale ed orizzontale;Sereno;Normale;Buona;Sufficiente;0;0;0;2;;;-1;1;Autovettura privata;In marcia / fermata / arresto;Passeggero;F;Illeso;0;;Non accertato;Inesistente
1931336;4;19/12/2012 16:20;Strada Urbana;VIA RAPAGNANO;in corrispondenza;;del civico n. ;83;;Veicolo in marcia contro ostacolo accidentale;Rettilineo;Una carreggiata a senso unico di marcia;Asciutto;Asfaltata;Verticale;Sereno;Normale;Buona;Ore Diurne;1;0;0;3;;;-1;1;Motociclo a solo;In marcia / fermata / arresto;Conducente;M;Rimandato;0;NON DECEDUTO;Non accertato;Inesistente
1931336;4;19/12/2012 16:20;Strada Urbana;VIA RAPAGNANO;in corrispondenza;;del civico n. ;83;;Veicolo in marcia contro ostacolo accidentale;Rettilineo;Una carreggiata a senso unico di marcia;Asciutto;Asfaltata;Verticale;Sereno;Normale;Buona;Ore Diurne;1;0;0;3;;;-1;2;Autovettura privata;In marcia / fermata / arresto;Conducente;F;Illeso;0;;Non accertato;Inesistente
1931336;4;19/12/2012 16:20;Strada Urbana;VIA RAPAGNANO;in corrispondenza;;del civico n. ;83;;Veicolo in marcia contro ostacolo accidentale;Rettilineo;Una carreggiata a senso unico di marcia;Asciutto;Asfaltata;Verticale;Sereno;Normale;Buona;Ore Diurne;1;0;0;3;;;-1;2;Autovettura privata;In marcia / fermata / arresto;Passeggero;F;Illeso;0;;Non accertato;Inesistente
1931336;4;19/12/2012 16:20;Strada Urbana;VIA RAPAGNANO;in corrispondenza;;del civico n. ;83;;Veicolo in marcia contro ostacolo accidentale;Rettilineo;Una carreggiata a senso unico di marcia;Asciutto;Asfaltata;Verticale;Sereno;Normale;Buona;Ore Diurne;1;0;0;3;;;-1;2;Autovettura privata;In marcia / fermata / arresto;Passeggero;M;Illeso;0;;Non accertato;Inesistente
1931337;7;27/12/2012 18:15;Strada Urbana;VIA DEGLI ACERI;all'intersezione con;VIA DELLE AZALEE;VIA DELLE AZALEE;;;Scontro frontale/laterale DX fra veicoli in marcia;Incrocio;Una carreggiata a senso unico di marcia;Asciutto;Asfaltata;Verticale ed orizzontale;Nuvoloso;Normale;Buona;Sufficiente;0;0;0;2;;;-1;1;Autovettura privata;In marcia / fermata / arresto;Conducente;F;Illeso;0;;Non accertato;Inesploso
1931337;7;27/12/2012 18:15;Strada Urbana;VIA DEGLI ACERI;all'intersezione con;VIA DELLE AZALEE;VIA DELLE AZALEE;;;Scontro frontale/laterale DX fra veicoli in marcia;Incrocio;Una carreggiata a senso unico di marcia;Asciutto;Asfaltata;Verticale ed orizzontale;Nuvoloso;Normale;Buona;Sufficiente;0;0;0;2;;;-1;2;Autovettura privata;In marcia / fermata / arresto;Conducente;M;Illeso;0;;Non accertato;Inesploso