Protocollo;Gruppo;DataOraIncidente;Localizzazione1;STRADA1;Localizzazione2;STRADA2;Strada02;Chilometrica;DaSpecificare;NaturaIncidente;particolaritastrade;TipoStrada;FondoStradale;Pavimentazione;Segnaletica;CondizioneAtmosferica;Traffico;Visibilita;Illuminazione;NUM_FERITI;NUM_RISERVATA;NUM_MORTI;NUM_ILLESI;Longitudine;Latitudine;Confermato;Progressivo;TipoVeicolo;StatoVeicolo;TipoPersona;Sesso;Tipolesione;Deceduto;DecedutoDopo;CinturaCascoUtilizzato;Airbag
1931494;13;30/12/2012 11:15;Strada Urbana;VIA LUCIO LEPIDIO;in prossimità;;del civico n. ;7;;Scontro laterale fra veicoli in marcia;Rettilineo;Due carreggiate;Asciutto;Asfaltata;Verticale ed orizzontale;Sereno;Scarso;Buona;Ore Diurne;0;0;0;7;;;-1;1;Autovettura privata;In marcia / fermata / arresto;Passeggero;M;Illeso;0;;Non accertato;Inesistente
1931494;13;30/12/2012 11:15;Strada Urbana;VIA LUCIO LEPIDIO;in prossimità;;del civico n. ;7;;Scontro laterale fra veicoli in marcia;Rettilineo;Due carreggiate;Asciutto;Asfaltata;Verticale ed orizzontale;Sereno;Scarso;Buona;Ore Diurne;0;0;0;7;;;-1;2;Autovettura privata;In marcia / fermata / arresto;Conducente;M;Illeso;0;;Non accertato;Inesistente
1931494;13;30/12/2012 11:15;Strada Urbana;VIA LUCIO LEPIDIO;in prossimità;;del civico n. ;7;;Scontro laterale fra veicoli in marcia;Rettilineo;Due carreggiate;Asciutto;Asfaltata;Verticale ed orizzontale;Sereno;Scarso;Buona;Ore Diurne;0;0;0;7;;;-1;2;Autovettura privata;In marcia / fermata / arresto;Passeggero;M;Illeso;0;;Non accertato;Inesistente
1931494;13;30/12/2012 11:15;Strada Urbana;VIA LUCIO LEPIDIO;in prossimità;;del civico n. ;7;;Scontro laterale fra veicoli in marcia;Rettilineo;Due carreggiate;Asciutto;Asfaltata;Verticale ed orizzontale;Sereno;Scarso;Buona;Ore Diurne;0;0;0;7;;;-1;2;Autovettura privata;In marcia / fermata / arresto;Passeggero;M;Illeso;0;;Non accertato;Inesistente
1931495;17;28/12/2012 23:40;Strada Urbana;VIALE DEGLI AMMIRAGLI;all'intersezione semaforizzata con;VIA CIPRO;VIA CIPRO;;;Scontro frontale/laterale SX fra veicoli in marcia;Intersezione semaforizzata;Due carreggiate;Asciutto;Asfaltata;Verticale ed orizzontale;Sereno;Scarso;Buona;Sufficiente;3;0;0;1;;;-1;1;Autovettura privata;In marcia / fermata / arresto;Conducente;M;Rimandato;0;NON DECEDUTO;Non accertato;Inesploso
1931495;17;28/12/2012 23:40;Strada Urbana;VIALE DEGLI AMMIRAGLI;all'intersezione semaforizzata con;VIA CIPRO;VIA CIPRO;;;Scontro frontale/laterale SX fra veicoli in marcia;Intersezione semaforizzata;Due carreggiate;Asciutto;Asfaltata;Verticale ed orizzontale;Sereno;Scarso;Buona;Sufficiente;3;0;0;1;;;-1;1;Autovettura privata;In marcia / fermata / arresto;Passeggero;M;Rimandato;0;NON DECEDUTO;Non accertato;Inesploso
1931495;17;28/12/2012 23:40;Strada Urbana;VIALE DEGLI AMMIRAGLI;all'intersezione semaforizzata con;VIA CIPRO;VIA CIPRO;;;Scontro frontale/laterale SX fra veicoli in marcia;Intersezione semaforizzata;Due carreggiate;Asciutto;Asfaltata;Verticale ed orizzontale;Sereno;Scarso;Buona;Sufficiente;3;0;0;1;;;-1;2;Autovettura privata;In marcia / fermata / arresto;Conducente;M;Rimandato;0;NON DECEDUTO;Non accertato;Esploso
1931495;17;28/12/2012 23:40;Strada Urbana;VIALE DEGLI AMMIRAGLI;all'intersezione semaforizzata con;VIA CIPRO;VIA CIPRO;;;Scontro frontale/laterale SX fra veicoli in marcia;Intersezione semaforizzata;Due carreggiate;Asciutto;Asfaltata;Verticale ed orizzontale;Sereno;Scarso;Buona;Sufficiente;3;0;0;1;;;-1;2;Autovettura privata;In marcia / fermata / arresto;Passeggero;M;Illeso;0;;Non accertato;Esploso
1931496;19;30/12/2012 23:45;Strada Urbana;VIA DI S. MARIA DI GALERIA;da specificare;;;;direzione braccianese 500 mt prima  via monte del;Scontro frontale/laterale SX fra veicoli in marcia;Rettilineo;Una carreggiata a doppio senso;Asciutto;Asfaltata;Assente;Sereno;Scarso;Sufficiente;Inesistente;0;0;0;2;;;-1;1;Autovettura privata;In marcia / fermata / arresto;Conducente;M;Illeso;0;;Non accertato;Inesistente
1931496;19;30/12/2012 23:45;Strada Urbana;VIA DI S. MARIA DI GALERIA;da specificare;;;;direzione braccianese 500 mt prima  via monte del;Scontro frontale/laterale SX fra veicoli in marcia;Rettilineo;Una carreggiata a doppio senso;Asciutto;Asfaltata;Assente;Sereno;Scarso;Sufficiente;Inesistente;0;0;0;2;;;-1;1;Autovettura privata;In marcia / fermata / arresto;Passeggero;F;Illeso;0;;Non accertato;Inesistente
1931497;13;30/12/2012 13:40;Strada Urbana;VIA ARISTIDE CARABELLI;all'intersezione con;VIA CORRADO DEL GRECO;VIA CORRADO DEL GRECO;;;Scontro laterale fra veicoli in marcia;Incrocio;Due carreggiate;Asciutto;Asfaltata;Verticale ed orizzontale;Sereno;Scarso;Buona;Ore Diurne;0;0;0;2;;;-1;1;Autovettura privata;In marcia / fermata / arresto;Conducente;F;Illeso;0;;Non accertato;Inesploso
1931497;13;30/12/2012 13:40;Strada Urbana;VIA ARISTIDE CARABELLI;all'intersezione con;VIA CORRADO DEL GRECO;VIA CORRADO DEL GRECO;;;Scontro laterale fra veicoli in marcia;Incrocio;Due carreggiate;Asciutto;Asfaltata;Verticale ed orizzontale;Sereno;Scarso;Buona;Ore Diurne;0;0;0;2;;;-1;2;Autovettura privata;In marcia / fermata / arresto;Conducente;M;Illeso;0;;Non accertato;Inesistente
1931498;15;29/12/2012 13:30;Strada Urbana;VIA PORTUENSE;in prossimità;;del civico n. ;230;;Veicolo in marcia contro ostacolo accidentale;Rettilineo;Una carreggiata a doppio senso;Asciutto;Asfaltata;Verticale ed orizzontale;Sereno;Normale;Buona;Ore Diurne;0;0;0;1;;;-1;1;Motociclo a solo;In marcia / fermata / arresto;Conducente;M;Illeso;0;;Utilizzato;Inesistente
1931499;13;30/12/2012 17:45;Strada Urbana;VIA ISOLE DEL CAPO VERDE;in prossimità;;del civico n. ;168;;Scontro laterale fra veicoli in marcia;Rettilineo;Due carreggiate;Asciutto;Asfaltata;Orizzontale;Sereno;Scarso;Sufficiente;Sufficiente;1;0;0;1;;;-1;1;Autovettura privata;In marcia / fermata / arresto;Conducente;M;Rimandato;0;NON DECEDUTO;Non accertato;Inesploso
1931499;13;30/12/2012 17:45;Strada Urbana;VIA ISOLE DEL CAPO VERDE;in prossimità;;del civico n. ;168;;Scontro laterale fra veicoli in marcia;Rettilineo;Due carreggiate;Asciutto;Asfaltata;Orizzontale;Sereno;Scarso;Sufficiente;Sufficiente;1;0;0;1;;;-1;2;Autovettura privata;In marcia / fermata / arresto;Conducente;F;Illeso;0;;Non accertato;Inesploso
1931500;15;29/12/2012 18:15;Strada Urbana;VIA DI POZZO PANTALEO;all'intersezione con;VIA PORTUENSE;VIA PORTUENSE;;;Veicolo in marcia contro ostacolo accidentale;Intersezione stradale segnalata;Due carreggiate;Asciutto;Asfaltata;Verticale ed orizzontale;Sereno;Normale;Sufficiente;Insufficiente;0;0;0;1;;;-1;1;Motociclo a solo;In marcia / fermata / arresto;Conducente;M;Illeso;0;;Utilizzato;Inesistente
1931501;13;30/12/2012 07:35;Strada Urbana;VIA DEL LIDO DI CASTELPORZIANO;in prossimità;;del civico n. ;346;;Veicolo in marcia contro ostacolo accidentale;Rettilineo;Una carreggiata a doppio senso;Asciutto;Asfaltata;Orizzontale;Sereno;Scarso;Buona;Ore Diurne;1;0;0;0;;;-1;1;Autovettura privata;In marcia / fermata / arresto;Conducente;M;Rifiuta cure immediate;0;NON DECEDUTO;Non accertato;Inesistente
1931502;15;29/12/2012 12:20;Strada Urbana;VIA LUIGI CANDONI;in corrispondenza;;del civico n. ;17;;Investimento di pedone;Rettilineo;Una carreggiata a doppio senso;Asciutto;Asfaltata;Assente;Sereno;Scarso;Buona;Ore Diurne;1;0;0;1;;;-1;;;;Pedone;F;Rimandato;0;NON DECEDUTO;;
1931502;15;29/12/2012 12:20;Strada Urbana;VIA LUIGI CANDONI;in corrispondenza;;del civico n. ;17;;Investimento di pedone;Rettilineo;Una carreggiata a doppio senso;Asciutto;Asfaltata;Assente;Sereno;Scarso;Buona;Ore Diurne;1;0;0;1;;;-1;1;Autovettura privata;In marcia / fermata / arresto;Conducente;M;Illeso;0;;Utilizzato;Inesistente
1931503;17;28/12/2012 19:45;Strada Urbana;VIA COLA DI RIENZO;all'intersezione semaforizzata con;VIA VIRGILIO;VIA VIRGILIO;;;Scontro laterale fra veicoli in marcia;Rotatoria;Una carreggiata a senso unico di marcia;Asciutto;Asfaltata;Verticale ed orizzontale;Sereno;Normale;Buona;Sufficiente;0;0;0;6;;;-1;1;Autovettura privata;In marcia / fermata / arresto;Conducente;F;Illeso;0;;Non accertato;Inesistente
1931503;17;28/12/2012 19:45;Strada Urbana;VIA COLA DI RIENZO;all'intersezione semaforizzata con;VIA VIRGILIO;VIA VIRGILIO;;;Scontro laterale fra veicoli in marcia;Rotatoria;Una carreggiata a senso unico di marcia;Asciutto;Asfaltata;Verticale ed orizzontale;Sereno;Normale;Buona;Sufficiente;0;0;0;6;;;-1;2;Autovettura privata;In marcia / fermata / arresto;Conducente;M;Illeso;0;;Non accertato;Inesistente
1931503;17;28/12/2012 19:45;Strada Urbana;VIA COLA DI RIENZO;all'intersezione semaforizzata con;VIA VIRGILIO;VIA VIRGILIO;;;Scontro laterale fra veicoli in marcia;Rotatoria;Una carreggiata a senso unico di marcia;Asciutto;Asfaltata;Verticale ed orizzontale;Sereno;Normale;Buona;Sufficiente;0;0;0;6;;;-1;2;Autovettura privata;In marcia / fermata / arresto;Passeggero;M;Illeso;0;;Non accertato;Inesistente
1931503;17;28/12/2012 19:45;Strada Urbana;VIA COLA DI RIENZO;all'intersezione semaforizzata con;VIA VIRGILIO;VIA VIRGILIO;;;Scontro laterale fra veicoli in marcia;Rotatoria;Una carreggiata a senso unico di marcia;Asciutto;Asfaltata;Verticale ed orizzontale;Sereno;Normale;Buona;Sufficiente;0;0;0;6;;;-1;2;Autovettura privata;In marcia / fermata / arresto;Passeggero;F;Illeso;0;;Non accertato;Inesistente
1931503;17;28/12/2012 19:45;Strada Urbana;VIA COLA DI RIENZO;all'intersezione semaforizzata con;VIA VIRGILIO;VIA VIRGILIO;;;Scontro laterale fra veicoli in marcia;Rotatoria;Una carreggiata a senso unico di marcia;Asciutto;Asfaltata;Verticale ed orizzontale;Sereno;Normale;Buona;Sufficiente;0;0;0;6;;;-1;2;Autovettura privata;In marcia / fermata / arresto;Passeggero;F;Illeso;0;;Non accertato;Inesistente
1931503;17;28/12/2012 19:45;Strada Urbana;VIA COLA DI RIENZO;all'intersezione semaforizzata con;VIA VIRGILIO;VIA VIRGILIO;;;Scontro laterale fra veicoli in marcia;Rotatoria;Una carreggiata a senso unico di marcia;Asciutto;Asfaltata;Verticale ed orizzontale;Sereno;Normale;Buona;Sufficiente;0;0;0;6;;;-1;2;Autovettura privata;In marcia / fermata / arresto;Passeggero;M;Illeso;0;;Non accertato;Inesistente
1931504;13;30/12/2012 22:00;Strada Urbana;VIA DELL'IDROSCALO;in corrispondenza;;del civico n. ;55;;Scontro laterale fra veicoli in marcia;Rettilineo;Una carreggiata a doppio senso;Asciutto;Asfaltata;Orizzontale;Sereno;Scarso;Buona;Sufficiente;4;0;0;0;;;-1;1;Autovettura privata;In marcia / fermata / arresto;Conducente;M;Rimandato;0;NON DECEDUTO;Non accertato;Inesistente
1931504;13;30/12/2012 22:00;Strada Urbana;VIA DELL'IDROSCALO;in corrispondenza;;del civico n. ;55;;Scontro laterale fra veicoli in marcia;Rettilineo;Una carreggiata a doppio senso;Asciutto;Asfaltata;Orizzontale;Sereno;Scarso;Buona;Sufficiente;4;0;0;0;;;-1;1;Autovettura privata;In marcia / fermata / arresto;Passeggero;M;Rimandato;0;NON DECEDUTO;Non accertato;Inesistente
1931504;13;30/12/2012 22:00;Strada Urbana;VIA DELL'IDROSCALO;in corrispondenza;;del civico n. ;55;;Scontro laterale fra veicoli in marcia;Rettilineo;Una carreggiata a doppio senso;Asciutto;Asfaltata;Orizzontale;Sereno;Scarso;Buona;Sufficiente;4;0;0;0;;;-1;2;Autovettura privata;In marcia / fermata / arresto;Conducente;M;Rimandato;0;NON DECEDUTO;Non accertato;Inesistente
1931504;13;30/12/2012 22:00;Strada Urbana;VIA DELL'IDROSCALO;in corrispondenza;;del civico n. ;55;;Scontro laterale fra veicoli in marcia;Rettilineo;Una carreggiata a doppio senso;Asciutto;Asfaltata;Orizzontale;Sereno;Scarso;Buona;Sufficiente;4;0;0;0;;;-1;2;Autovettura privata;In marcia / fermata / arresto;Passeggero;M;Rimandato;0;NON DECEDUTO;Non accertato;Inesistente
1931505;18;31/12/2012 01:30;Strada Urbana;VIA DELLE FORNACI;in corrispondenza;;del civico n. ;85b;;Veicolo in marcia contro veicoli in sosta;Rettilineo;Una carreggiata a doppio senso;Asciutto;Asfaltata;Verticale ed orizzontale;Sereno;Scarso;Buona;Sufficiente;0;0;0;1;;;-1;1;Autovettura privata;In marcia / fermata / arresto;Conducente;M;Illeso;0;;Non accertato;Esploso
1931506;1;29/12/2012 14:15;Strada Urbana;PONTE CAVOUR;all'intersezione semaforizzata con;LUNGOTEVERE MARZIO;LUNGOTEVERE MARZIO;;;Scontro laterale fra veicoli in marcia;Intersezione semaforizzata;Una carreggiata a doppio senso;Asciutto;Acciotolata;Verticale ed orizzontale;Sereno;Intenso;Buona;Ore Diurne;0;0;0;2;;;-1;1;Motociclo a solo;In marcia / fermata / arresto;Conducente;M;Illeso;0;;Non accertato;Inesistente
1931506;1;29/12/2012 14:15;Strada Urbana;PONTE CAVOUR;all'intersezione semaforizzata con;LUNGOTEVERE MARZIO;LUNGOTEVERE MARZIO;;;Scontro laterale fra veicoli in marcia;Intersezione semaforizzata;Una carreggiata a doppio senso;Asciutto;Acciotolata;Verticale ed orizzontale;Sereno;Intenso;Buona;Ore Diurne;0;0;0;2;;;-1;2;Autovettura privata;In marcia / fermata / arresto;Conducente;M;Illeso;0;;Non accertato;Inesploso
1931507;20;30/12/2012 12:30;Strada Urbana;CORSO DI FRANCIA;in corrispondenza;;del civico n. ;80;;Tamponamento;Rettilineo;Due carreggiate;Asciutto;Asfaltata;Verticale ed orizzontale;Sereno;Normale;Buona;Ore Diurne;1;0;0;2;;;-1;1;Ciclomotore;In marcia / fermata / arresto;Conducente;M;Rimandato;0;NON DECEDUTO;Non accertato;Inesistente
1931507;20;30/12/2012 12:30;Strada Urbana;CORSO DI FRANCIA;in corrispondenza;;del civico n. ;80;;Tamponamento;Rettilineo;Due carreggiate;Asciutto;Asfaltata;Verticale ed orizzontale;Sereno;Normale;Buona;Ore Diurne;1;0;0;2;;;-1;2;Autovettura privata;In marcia / fermata / arresto;Conducente;M;Illeso;0;;Non accertato;Inesistente
1931507;20;30/12/2012 12:30;Strada Urbana;CORSO DI FRANCIA;in corrispondenza;;del civico n. ;80;;Tamponamento;Rettilineo;Due carreggiate;Asciutto;Asfaltata;Verticale ed orizzontale;Sereno;Normale;Buona;Ore Diurne;1;0;0;2;;;-1;2;Autovettura privata;In marcia / fermata / arresto;Passeggero;F;Illeso;0;;Non accertato;Inesistente
1931508;20;30/12/2012 14:37;Regionale entro l'abitato;VIA CASSIA;all'intersezione semaforizzata con;LARGO DELLA GIUSTINIANA;LARGO DELLA GIUSTINIANA;;;Veicolo in marcia contro veicolo in sosta;Intersezione semaforizzata;Una carreggiata a doppio senso;Asciutto;Asfaltata;Verticale ed orizzontale;Sereno;Normale;Buona;Ore Diurne;0;0;0;1;;;-1;1;Autobus di linea;In marcia / fermata / arresto;Conducente;M;Illeso;0;;Non accertato;Inesistente
1931510;5;28/12/2012 12:30;Strada Urbana;LARGO RUSSELL;in corrispondenza;;del civico n. ;6;;Scontro laterale fra veicoli in marcia;Rettilineo;Due carreggiate;Bagnato (umidità in atto);Asfaltata;Verticale ed orizzontale;Sereno;Normale;Buona;Ore Diurne;0;0;0;3;;;-1;1;Autovettura privata;In marcia / fermata / arresto;Conducente;M;Illeso;0;;Non accertato;Inesistente
1931510;5;28/12/2012 12:30;Strada Urbana;LARGO RUSSELL;in corrispondenza;;del civico n. ;6;;Scontro laterale fra veicoli in marcia;Rettilineo;Due carreggiate;Bagnato (umidità in atto);Asfaltata;Verticale ed orizzontale;Sereno;Normale;Buona;Ore Diurne;0;0;0;3;;;-1;1;Autovettura privata;In marcia / fermata / arresto;Passeggero;M;Illeso;0;;Non accertato;Inesistente
1931510;5;28/12/2012 12:30;Strada Urbana;LARGO RUSSELL;in corrispondenza;;del civico n. ;6;;Scontro laterale fra veicoli in marcia;Rettilineo;Due carreggiate;Bagnato (umidità in atto);Asfaltata;Verticale ed orizzontale;Sereno;Normale;Buona;Ore Diurne;0;0;0;3;;;-1;2;Autovettura privata;In marcia / fermata / arresto;Conducente;M;Illeso;0;;Non accertato;Inesistente
1931511;5;28/12/2012 13:35;Strada Urbana;VIALE GIUSEPPE STEFANINI;all'intersezione con;VIA GIUSEPPE CHECCHIA RISPOLI;VIA GIUSEPPE CHECCHIA RISPOLI;;;Scontro frontale/laterale SX fra veicoli in marcia;Incrocio;Due carreggiate;Asciutto;Asfaltata;Verticale ed orizzontale;Sereno;Scarso;Buona;Ore Diurne;0;0;0;3;;;-1;1;Autovettura privata;In marcia / fermata / arresto;Conducente;F;Illeso;0;;Non accertato;
1931511;5;28/12/2012 13:35;Strada Urbana;VIALE GIUSEPPE STEFANINI;all'intersezione con;VIA GIUSEPPE CHECCHIA RISPOLI;VIA GIUSEPPE CHECCHIA RISPOLI;;;Scontro frontale/laterale SX fra veicoli in marcia;Incrocio;Due carreggiate;Asciutto;Asfaltata;Verticale ed orizzontale;Sereno;Scarso;Buona;Ore Diurne;0;0;0;3;;;-1;2;Autocarro inferiore 35 q.;In marcia / fermata / arresto;Conducente;M;Illeso;0;;Non accertato;
1931511;5;28/12/2012 13:35;Strada Urbana;VIALE GIUSEPPE STEFANINI;all'intersezione con;VIA GIUSEPPE CHECCHIA RISPOLI;VIA GIUSEPPE CHECCHIA RISPOLI;;;Scontro frontale/laterale SX fra veicoli in marcia;Incrocio;Due carreggiate;Asciutto;Asfaltata;Verticale ed orizzontale;Sereno;Scarso;Buona;Ore Diurne;0;0;0;3;;;-1;2;Autocarro inferiore 35 q.;In marcia / fermata / arresto;Passeggero;F;Illeso;0;;Non accertato;
1931512;5;28/12/2012 17:30;Strada Urbana;VIA CASTEL BOVERANO;all'intersezione con;VIA DELLE MESSI D'ORO;VIA DELLE MESSI D'ORO;;;Scontro frontale/laterale DX fra veicoli in marcia;Incrocio;Una carreggiata a doppio senso;Asciutto;Asfaltata;Assente;Nuvoloso;Normale;Sufficiente;Sufficiente;0;0;0;2;;;-1;1;Autovettura privata;In marcia / fermata / arresto;Conducente;M;Illeso;0;;Non accertato;Inesistente
1931512;5;28/12/2012 17:30;Strada Urbana;VIA CASTEL BOVERANO;all'intersezione con;VIA DELLE MESSI D'ORO;VIA DELLE MESSI D'ORO;;;Scontro frontale/laterale DX fra veicoli in marcia;Incrocio;Una carreggiata a doppio senso;Asciutto;Asfaltata;Assente;Nuvoloso;Normale;Sufficiente;Sufficiente;0;0;0;2;;;-1;2;Autovettura privata;In marcia / fermata / arresto;Conducente;M;Illeso;0;;Non accertato;Inesistente
1931513;5;28/12/2012 17:20;Strada Urbana;VIA DEI MONTI TIBURTINI;all'intersezione semaforizzata con;VIA DEI DURANTINI;VIA DEI DURANTINI;;;Scontro laterale fra veicoli in marcia;Intersezione semaforizzata;Due carreggiate;Asciutto;Asfaltata;Verticale ed orizzontale;Nuvoloso;Normale;Sufficiente;Sufficiente;0;0;0;4;;;-1;1;Motociclo a solo;In marcia / fermata / arresto;Conducente;M;Illeso;0;;Non utilizzato;
1931513;5;28/12/2012 17:20;Strada Urbana;VIA DEI MONTI TIBURTINI;all'intersezione semaforizzata con;VIA DEI DURANTINI;VIA DEI DURANTINI;;;Scontro laterale fra veicoli in marcia;Intersezione semaforizzata;Due carreggiate;Asciutto;Asfaltata;Verticale ed orizzontale;Nuvoloso;Normale;Sufficiente;Sufficiente;0;0;0;4;;;-1;2;Autovettura privata;In marcia / fermata / arresto;Conducente;F;Illeso;0;;Non accertato;
1931513;5;28/12/2012 17:20;Strada Urbana;VIA DEI MONTI TIBURTINI;all'intersezione semaforizzata con;VIA DEI DURANTINI;VIA DEI DURANTINI;;;Scontro laterale fra veicoli in marcia;Intersezione semaforizzata;Due carreggiate;Asciutto;Asfaltata;Verticale ed orizzontale;Nuvoloso;Normale;Sufficiente;Sufficiente;0;0;0;4;;;-1;2;Autovettura privata;In marcia / fermata / arresto;Passeggero;F;Illeso;0;;Non accertato;
1931513;5;28/12/2012 17:20;Strada Urbana;VIA DEI MONTI TIBURTINI;all'intersezione semaforizzata con;VIA DEI DURANTINI;VIA DEI DURANTINI;;;Scontro laterale fra veicoli in marcia;Intersezione semaforizzata;Due carreggiate;Asciutto;Asfaltata;Verticale ed orizzontale;Nuvoloso;Normale;Sufficiente;Sufficiente;0;0;0;4;;;-1;2;Autovettura privata;In marcia / fermata / arresto;Passeggero;F;Illeso;0;;Non accertato;Inesistente
1931514;5;28/12/2012 21:00;Strada Urbana;VIA TIBURTINA;da specificare;;;;ALL'INTERSEZIONE CON VIA RAFFAELLO NASINI;Scontro frontale/laterale DX fra veicoli in marcia;Rettilineo;Una carreggiata a doppio senso;Asciutto;Asfaltata;Verticale ed orizzontale;Sereno;Normale;Sufficiente;Sufficiente;1;0;0;2;;;-1;1;Autovettura privata;In marcia / fermata / arresto;Conducente;M;Illeso;0;;Non accertato;Inesploso
1931514;5;28/12/2012 21:00;Strada Urbana;VIA TIBURTINA;da specificare;;;;ALL'INTERSEZIONE CON VIA RAFFAELLO NASINI;Scontro frontale/laterale DX fra veicoli in marcia;Rettilineo;Una carreggiata a doppio senso;Asciutto;Asfaltata;Verticale ed orizzontale;Sereno;Normale;Sufficiente;Sufficiente;1;0;0;2;;;-1;1;Autovettura privata;In marcia / fermata / arresto;Passeggero;M;Illeso;0;;Non accertato;Inesploso
1931514;5;28/12/2012 21:00;Strada Urbana;VIA TIBURTINA;da specificare;;;;ALL'INTERSEZIONE CON VIA RAFFAELLO NASINI;Scontro frontale/laterale DX fra veicoli in marcia;Rettilineo;Una carreggiata a doppio senso;Asciutto;Asfaltata;Verticale ed orizzontale;Sereno;Normale;Sufficiente;Sufficiente;1;0;0;2;;;-1;2;Motociclo a solo;In marcia / fermata / arresto;Conducente;M;Rimandato;0;NON DECEDUTO;Non accertato;Inesistente
1931515;5;28/12/2012 19:00;Strada Urbana;VIA DI PORTONACCIO;in prossimità;;del civico n. ;184;;Veicolo in marcia contro veicoli in sosta;Rettilineo;Due carreggiate;Asciutto;Asfaltata;Verticale ed orizzontale;Sereno;Normale;Buona;Sufficiente;0;0;0;1;;;-1;4;Autocarro inferiore 35 q.;In marcia / fermata / arresto;Conducente;;Illeso;0;;Non accertato;
1931516;5;29/12/2012 11:45;Strada Urbana;VIA DI PIETRALATA;all'intersezione con;VIA DELL'ACQUA MARCIA;VIA DELL'ACQUA MARCIA;;;Scontro frontale/laterale SX fra veicoli in marcia;Incrocio;Una carreggiata a doppio senso;Asciutto;Asfaltata;Verticale ed orizzontale;Sereno;Normale;Buona;Ore Diurne;0;0;0;2;;;-1;1;Autovettura privata;In marcia / fermata / arresto;Conducente;F;Illeso;0;;Non accertato;Inesistente
1931516;5;29/12/2012 11:45;Strada Urbana;VIA DI PIETRALATA;all'intersezione con;VIA DELL'ACQUA MARCIA;VIA DELL'ACQUA MARCIA;;;Scontro frontale/laterale SX fra veicoli in marcia;Incrocio;Una carreggiata a doppio senso;Asciutto;Asfaltata;Verticale ed orizzontale;Sereno;Normale;Buona;Ore Diurne;0;0;0;2;;;-1;2;Autovettura privata;In marcia / fermata / arresto;Conducente;F;Illeso;0;;Non accertato;
1931517;17;28/12/2012 01:10;Strada Urbana;PIAZZA DELLE CINQUE GIORNATE;all'intersezione con;PONTE GIACOMO MATTEOTTI;PONTE GIACOMO MATTEOTTI;;;Scontro laterale fra veicoli in marcia;Incrocio;Più di due carreggiate;Asciutto;Asfaltata;Assente;Sereno;Normale;Buona;Sufficiente;2;0;0;2;;;-1;1;Autovettura privata;In marcia / fermata / arresto;Conducente;F;Illeso;0;;Non accertato;Inesploso
1931517;17;28/12/2012 01:10;Strada Urbana;PIAZZA DELLE CINQUE GIORNATE;all'intersezione con;PONTE GIACOMO MATTEOTTI;PONTE GIACOMO MATTEOTTI;;;Scontro laterale fra veicoli in marcia;Incrocio;Più di due carreggiate;Asciutto;Asfaltata;Assente;Sereno;Normale;Buona;Sufficiente;2;0;0;2;;;-1;1;Autovettura privata;In marcia / fermata / arresto;Passeggero;F;Illeso;0;;Non accertato;Inesistente
1931517;17;28/12/2012 01:10;Strada Urbana;PIAZZA DELLE CINQUE GIORNATE;all'intersezione con;PONTE GIACOMO MATTEOTTI;PONTE GIACOMO MATTEOTTI;;;Scontro laterale fra veicoli in marcia;Incrocio;Più di due carreggiate;Asciutto;Asfaltata;Assente;Sereno;Normale;Buona;Sufficiente;2;0;0;2;;;-1;2;Motociclo a solo;In marcia / fermata / arresto;Conducente;M;Rimandato;0;NON DECEDUTO;Non accertato;Inesistente
1931517;17;28/12/2012 01:10;Strada Urbana;PIAZZA DELLE CINQUE GIORNATE;all'intersezione con;PONTE GIACOMO MATTEOTTI;PONTE GIACOMO MATTEOTTI;;;Scontro laterale fra veicoli in marcia;Incrocio;Più di due carreggiate;Asciutto;Asfaltata;Assente;Sereno;Normale;Buona;Sufficiente;2;0;0;2;;;-1;2;Motociclo a solo;In marcia / fermata / arresto;Passeggero;M;Rimandato;0;NON DECEDUTO;Non accertato;Inesistente
1931518;1;30/12/2012 17:05;Strada Urbana;CORSO VITTORIO EMANUELE II;all'intersezione con;VIA SORA;VIA SORA;;;Scontro laterale fra veicoli in marcia;Incrocio;Una carreggiata a doppio senso;Asciutto;Asfaltata;Verticale ed orizzontale;Sereno;Normale;Buona;Ore Diurne;1;0;0;2;;;-1;1;Motociclo a solo;In marcia / fermata / arresto;Conducente;M;Rimandato;0;NON DECEDUTO;Non accertato;Inesistente
1931518;1;30/12/2012 17:05;Strada Urbana;CORSO VITTORIO EMANUELE II;all'intersezione con;VIA SORA;VIA SORA;;;Scontro laterale fra veicoli in marcia;Incrocio;Una carreggiata a doppio senso;Asciutto;Asfaltata;Verticale ed orizzontale;Sereno;Normale;Buona;Ore Diurne;1;0;0;2;;;-1;2;Autovettura privata;In marcia / fermata / arresto;Conducente;M;Illeso;0;;Non accertato;Inesistente
1931518;1;30/12/2012 17:05;Strada Urbana;CORSO VITTORIO EMANUELE II;all'intersezione con;VIA SORA;VIA SORA;;;Scontro laterale fra veicoli in marcia;Incrocio;Una carreggiata a doppio senso;Asciutto;Asfaltata;Verticale ed orizzontale;Sereno;Normale;Buona;Ore Diurne;1;0;0;2;;;-1;2;Autovettura privata;In marcia / fermata / arresto;Passeggero;F;Illeso;0;;Non accertato;Inesistente
1931519;17;28/12/2012 09:25;Strada Urbana;VIA TOMMASO CAMPANELLA;all'intersezione con;VIA TRIONFALE;VIA TRIONFALE;;;Scontro laterale fra veicoli in marcia;Intersezione stradale segnalata;Una carreggiata a senso unico di marcia;Asciutto;Asfaltata;Verticale ed orizzontale;Sereno;Normale;Buona;Ore Diurne;1;0;0;1;;;-1;1;Autovettura privata;In marcia / fermata / arresto;Conducente;M;Illeso;0;;Non accertato;Inesistente